1623249925,p,c,points,10000,10,2,39,0.00401801,0.145203
1623249932,p,c,points,10000,10,2,28,0.00391766,0.103832
1623249933,p,c,points,10000,10,2,28,0.00390191,0.103402
1623249935,p,c,points,10000,10,2,18,0.00398625,0.0685317
1623249938,p,c,points,10000,10,2,33,0.00394779,0.125693
1623249940,p,c,points,10000,10,2,30,0.00402901,0.112397
1623249944,p,c,points,10000,10,2,21,0.00393881,0.07286
1623249946,p,c,points,10000,10,2,43,0.00394332,0.15763
1623249948,p,c,points,10000,10,2,41,0.00393721,0.145902
1623249950,p,c,points,10000,10,2,27,0.00391132,0.103613
1623249952,p,c,points,10000,10,2,35,0.00402725,0.129074
1623249955,p,c,points,10000,10,2,32,0.00394957,0.114224
1623249957,p,c,points,10000,10,2,14,0.00393428,0.0515393
1623249959,p,c,points,10000,10,2,78,0.00403263,0.290959
1623249961,p,c,points,10000,10,2,56,0.00395128,0.206276
1623249963,p,c,points,10000,10,2,34,0.00402038,0.122292
1623249964,p,c,points,10000,10,2,26,0.00393895,0.0941387
1623249965,p,c,points,10000,10,2,28,0.00394804,0.102341
1623249967,p,c,points,10000,10,2,22,0.00396739,0.0797085
1623249968,p,c,points,10000,10,2,32,0.00394243,0.11709
1623249969,p,c,points,10000,10,2,28,0.00393966,0.102101
1623249970,p,c,points,10000,10,2,36,0.00393314,0.129452
1623249971,p,c,points,10000,10,2,28,0.00392916,0.103018
1623249973,p,c,points,10000,10,2,31,0.00403151,0.109691
1623249974,p,c,points,10000,10,2,37,0.00406424,0.130558
1623249975,p,c,points,10000,10,2,28,0.00395852,0.10424
1623250023,p,c,points,50000,10,2,62,0.0189234,1.10305
1623250026,p,c,points,50000,10,2,44,0.0190936,0.771144
1623250028,p,c,points,50000,10,2,44,0.0190007,0.788454
1623250031,p,c,points,50000,10,2,57,0.0189266,1.01234
1623250034,p,c,points,50000,10,2,68,0.018967,1.19014
1623250036,p,c,points,50000,10,2,40,0.0189909,0.715309
1623250039,p,c,points,50000,10,2,40,0.0191371,0.709731
1623250042,p,c,points,50000,10,2,69,0.0192031,1.22583
1623250045,p,c,points,50000,10,2,53,0.0189793,0.929275
1623250047,p,c,points,50000,10,2,41,0.0189788,0.718236
1623250050,p,c,points,50000,10,2,57,0.0189333,0.996119
1623250052,p,c,points,50000,10,2,53,0.0189482,0.918868
1623250055,p,c,points,50000,10,2,36,0.0189358,0.633539
1623250057,p,c,points,50000,10,2,40,0.0189289,0.707928
1623250059,p,c,points,50000,10,2,41,0.0189434,0.72986
1623250061,p,c,points,50000,10,2,38,0.019035,0.679388
1623250063,p,c,points,50000,10,2,42,0.018966,0.749432
1623250065,p,c,points,50000,10,2,48,0.018937,0.851498
1623250067,p,c,points,50000,10,2,54,0.0190566,0.963202
1623250070,p,c,points,50000,10,2,64,0.019021,1.14294
1623250073,p,c,points,50000,10,2,51,0.0189428,0.906952
1623250075,p,c,points,50000,10,2,54,0.018987,0.950601
1623250112,p,c,points,100000,10,2,94,0.0377477,3.39174
1623250117,p,c,points,100000,10,2,58,0.0377503,2.0353
1623250121,p,c,points,100000,10,2,58,0.0379013,2.06536
1623250126,p,c,points,100000,10,2,45,0.0377684,1.59548
1623250129,p,c,points,100000,10,2,49,0.037717,1.75198
1623250131,p,c,points,100000,10,2,30,0.0377117,1.06068
1623250135,p,c,points,100000,10,2,55,0.03772,2.00661
1623250140,p,c,points,100000,10,2,70,0.0376882,2.49496
1623250144,p,c,points,100000,10,2,84,0.0376795,2.9384
1623250147,p,c,points,100000,10,2,55,0.0376971,1.96243
1623250151,p,c,points,100000,10,2,53,0.0405701,1.88644
1623250154,p,c,points,100000,10,2,54,0.0377825,1.97175
1623250157,p,c,points,100000,10,2,47,0.0377171,1.68483
1623250160,p,c,points,100000,10,2,53,0.0376834,1.87564
1623250163,p,c,points,100000,10,2,29,0.037756,1.02838
1623250168,p,c,points,100000,10,2,85,0.0377057,3.02576
1623250172,p,c,points,100000,10,2,70,0.0377943,2.44005
1623250175,p,c,points,100000,10,2,48,0.0511135,1.74597
1623250178,p,c,points,100000,10,2,47,0.0377304,1.67542
1623250181,p,c,points,100000,10,2,63,0.0377063,2.30689
1623250183,p,c,points,100000,10,2,36,0.0377635,1.29097
1623250186,p,c,points,100000,10,2,45,0.0378481,1.59256
1623250189,p,c,points,100000,10,2,53,0.0379636,1.8862
1623250194,p,c,points,100000,10,2,103,0.0376959,3.69007
1623250197,p,c,points,100000,10,2,30,0.0377357,1.06147
1623250229,p,c,points,150000,10,2,52,0.0607041,2.82923
1623250234,p,c,points,150000,10,2,67,0.0606819,3.57339
1623250239,p,c,points,150000,10,2,54,0.0606406,2.87587
1623250243,p,c,points,150000,10,2,37,0.0606374,1.97314
1623250250,p,c,points,150000,10,2,90,0.0607445,4.80331
1623250256,p,c,points,150000,10,2,75,0.061107,3.94886
1623250260,p,c,points,150000,10,2,43,0.0606104,2.31489
1623250264,p,c,points,150000,10,2,40,0.0606342,2.16512
1623250271,p,c,points,150000,10,2,83,0.0610226,4.44407
1623250276,p,c,points,150000,10,2,71,0.0605953,3.82617
1623250281,p,c,points,150000,10,2,60,0.0607079,3.14971
1623250285,p,c,points,150000,10,2,49,0.0605922,2.70109
1623250288,p,c,points,150000,10,2,40,0.0606864,2.10337
1623250295,p,c,points,150000,10,2,96,0.0607079,5.16362
1623250300,p,c,points,150000,10,2,69,0.0607785,3.7693
1623250308,p,c,points,150000,10,2,127,0.0606397,6.76213
1623250314,p,c,points,150000,10,2,62,0.06074,3.36257
1623250318,p,c,points,150000,10,2,63,0.060903,3.41144
1623250324,p,c,points,150000,10,2,64,0.0607204,3.44259
1623250328,p,c,points,150000,10,2,42,0.0606809,2.31654
1623250365,p,c,points,200000,10,2,86,0.136538,6.16653
1623250371,p,c,points,200000,10,2,55,0.136304,3.91688
1623250377,p,c,points,200000,10,2,68,0.136612,4.93527
1623250384,p,c,points,200000,10,2,64,0.136496,4.54121
1623250393,p,c,points,200000,10,2,98,0.136653,6.97633
1623250401,p,c,points,200000,10,2,92,0.136245,6.62857
1623250407,p,c,points,200000,10,2,60,0.136728,4.27796
1623250414,p,c,points,200000,10,2,72,0.13634,5.0454
1623250419,p,c,points,200000,10,2,53,0.136824,3.69733
1623250428,p,c,points,200000,10,2,102,0.136264,7.23886
1623250440,p,c,points,200000,10,2,150,0.139029,10.6004
1623250446,p,c,points,200000,10,2,50,0.136278,3.60728
1623250483,p,c,points,300000,10,2,71,0.121018,7.57401
1623250493,p,c,points,300000,10,2,70,0.121231,7.52583
1623250502,p,c,points,300000,10,2,70,0.123617,7.42228
1623250514,p,c,points,300000,10,2,88,0.121108,9.38242
1623250525,p,c,points,300000,10,2,79,0.12089,8.4589
1623250539,p,c,points,300000,10,2,106,0.121156,11.0846
1623250552,p,c,points,300000,10,2,93,0.12122,10.0702
1623250562,p,c,points,300000,10,2,77,0.121604,8.26407
1623250574,p,c,points,300000,10,2,87,0.12129,9.27054
1623250741,p,c,points,50000,10,3,31,0.0190672,0.419493
1623250744,p,c,points,50000,10,3,54,0.0189593,0.746012
1623250746,p,c,points,50000,10,3,56,0.0190813,0.778144
1623250748,p,c,points,50000,10,3,37,0.0189836,0.498263
1623250751,p,c,points,50000,10,3,40,0.0190024,0.549209
1623250753,p,c,points,50000,10,3,57,0.0189633,0.786922
1623250755,p,c,points,50000,10,3,96,0.0190376,1.30353
1623250757,p,c,points,50000,10,3,49,0.0189997,0.665473
1623250759,p,c,points,50000,10,3,40,0.0189787,0.534285
1623250761,p,c,points,50000,10,3,88,0.0190686,1.17513
1623250762,p,c,points,50000,10,3,39,0.0190011,0.543083
1623250764,p,c,points,50000,10,3,36,0.0191592,0.487471
1623250766,p,c,points,50000,10,3,44,0.0191379,0.603249
1623250767,p,c,points,50000,10,3,46,0.0190555,0.636631
1623250769,p,c,points,50000,10,3,49,0.0189547,0.670212
1623250771,p,c,points,50000,10,3,62,0.0202692,0.871277
1623250773,p,c,points,50000,10,3,103,0.0189065,1.41524
1623250775,p,c,points,50000,10,3,46,0.0189477,0.62559
1623250777,p,c,points,50000,10,3,66,0.0203917,0.901018
1623250779,p,c,points,50000,10,3,49,0.0189682,0.650408
1623250780,p,c,points,50000,10,3,29,0.0188924,0.40375
1623250782,p,c,points,50000,10,3,31,0.0189253,0.427716
1623250784,p,c,points,50000,10,3,57,0.0189508,0.77977
1623250785,p,c,points,50000,10,3,43,0.0190773,0.590387
1623250787,p,c,points,50000,10,3,51,0.0189245,0.689756
1623250789,p,c,points,50000,10,3,84,0.018922,1.15769
1623250790,p,c,points,50000,10,3,31,0.0189943,0.424706
1623250791,p,c,points,50000,10,3,58,0.0190518,0.804687
1623250793,p,c,points,50000,10,3,40,0.0189951,0.555106
1623250795,p,c,points,50000,10,3,81,0.0189012,1.13232
1623250796,p,c,points,50000,10,3,48,0.0190098,0.647419
1623250798,p,c,points,50000,10,3,56,0.0254071,0.765182
1623250799,p,c,points,50000,10,3,40,0.0189362,0.552128
1623250801,p,c,points,50000,10,3,75,0.0190281,1.04109
1623250803,p,c,points,50000,10,3,55,0.0190587,0.754177
1623250805,p,c,points,50000,10,3,60,0.0189447,0.822483
1623250808,p,c,points,50000,10,3,82,0.0189945,1.1174
1623250862,p,c,points,100000,10,3,59,0.038086,1.61186
1623250865,p,c,points,100000,10,3,60,0.0377188,1.67861
1623250868,p,c,points,100000,10,3,65,0.0385723,1.82399
1623250871,p,c,points,100000,10,3,42,0.03768,1.1433
1623250874,p,c,points,100000,10,3,65,0.0377348,1.77252
1623250877,p,c,points,100000,10,3,54,0.037884,1.46773
1623250879,p,c,points,100000,10,3,51,0.0377348,1.41821
1623250882,p,c,points,100000,10,3,67,0.037753,1.81572
1623250885,p,c,points,100000,10,3,73,0.0377762,2.02593
1623250888,p,c,points,100000,10,3,46,0.03773,1.27729
1623250890,p,c,points,100000,10,3,53,0.0377782,1.47905
1623250893,p,c,points,100000,10,3,56,0.0377425,1.54516
1623250896,p,c,points,100000,10,3,54,0.0376701,1.47933
1623250901,p,c,points,100000,10,3,150,0.0378612,4.12488
1623250903,p,c,points,100000,10,3,47,0.0378525,1.29391
1623250906,p,c,points,100000,10,3,74,0.0377237,2.04518
1623250909,p,c,points,100000,10,3,64,0.0377334,1.73023
1623250912,p,c,points,100000,10,3,51,0.0377665,1.44652
1623250914,p,c,points,100000,10,3,61,0.0377968,1.67373
1623250916,p,c,points,100000,10,3,35,0.0378894,0.972238
1623250919,p,c,points,100000,10,3,55,0.0378291,1.53434
1623250922,p,c,points,100000,10,3,82,0.0382559,2.24837
1623250924,p,c,points,100000,10,3,48,0.0377345,1.33494
1623250927,p,c,points,100000,10,3,61,0.0377037,1.68278
1623250930,p,c,points,100000,10,3,52,0.0376866,1.44568
1623250932,p,c,points,100000,10,3,72,0.0378401,1.96918
1623250941,p,c,points,100000,10,3,67,0.0402203,1.83487
1623250943,p,c,points,100000,10,3,56,0.0379477,1.51514
1623250947,p,c,points,100000,10,3,63,0.037938,1.70262
1623250979,p,c,points,150000,10,3,65,0.0606787,2.65964
1623250983,p,c,points,150000,10,3,72,0.0607919,2.97376
1623250987,p,c,points,150000,10,3,45,0.0608664,1.88444
1623250993,p,c,points,150000,10,3,74,0.0606672,3.03332
1623250997,p,c,points,150000,10,3,69,0.0612829,2.84739
1623251001,p,c,points,150000,10,3,55,0.0607593,2.28605
1623251007,p,c,points,150000,10,3,65,0.0605107,2.66495
1623251015,p,c,points,150000,10,3,106,0.0607142,4.37822
1623251019,p,c,points,150000,10,3,66,0.0608613,2.73085
1623251023,p,c,points,150000,10,3,55,0.0606068,2.28679
1623251030,p,c,points,150000,10,3,53,0.0606848,2.19632
1623251035,p,c,points,150000,10,3,104,0.0608094,4.33601
1623251040,p,c,points,150000,10,3,83,0.0606472,3.43077
1623251045,p,c,points,150000,10,3,52,0.0605994,2.15149
1623251054,p,c,points,150000,10,3,50,0.0606948,2.03593
1623251059,p,c,points,150000,10,3,59,0.0607588,2.46186
1623251064,p,c,points,150000,10,3,77,0.0606308,3.18462
1623251073,p,c,points,150000,10,3,124,0.0606555,5.11031
1623251079,p,c,points,150000,10,3,66,0.060761,2.69808
1623251083,p,c,points,150000,10,3,74,0.0605529,3.01212
1623251088,p,c,points,150000,10,3,57,0.060663,2.36578
1623251092,p,c,points,150000,10,3,60,0.0606415,2.45147
1623251106,p,c,points,150000,10,3,68,0.0606167,2.79114
1623251111,p,c,points,150000,10,3,68,0.0608218,2.75286
1623251151,p,c,points,200000,10,3,100,0.136422,5.55203
1623251161,p,c,points,200000,10,3,120,0.137099,6.68297
1623251168,p,c,points,200000,10,3,98,0.137445,5.31747
1623251178,p,c,points,200000,10,3,75,0.136282,4.14511
1623251185,p,c,points,200000,10,3,62,0.136523,3.46646
1623251191,p,c,points,200000,10,3,51,0.136588,2.83361
1623251198,p,c,points,200000,10,3,79,0.13639,4.42331
1623251205,p,c,points,200000,10,3,97,0.136417,5.31862
1623251211,p,c,points,200000,10,3,74,0.136398,4.14134
1623251217,p,c,points,200000,10,3,72,0.136313,4.01878
1623251222,p,c,points,200000,10,3,48,0.136537,2.71166
1623251228,p,c,points,200000,10,3,76,0.136883,4.19107
1623251233,p,c,points,200000,10,3,59,0.137117,3.25643
1623251238,p,c,points,200000,10,3,64,0.136753,3.54401
1623251245,p,c,points,200000,10,3,92,0.136466,5.0601
1623251253,p,c,points,200000,10,3,93,0.136554,5.20289
1623251258,p,c,points,200000,10,3,59,0.136334,3.26953
1623251331,p,c,points,300000,10,3,76,0.121071,6.41793
1623251340,p,c,points,300000,10,3,78,0.121173,6.59783
1623251350,p,c,points,300000,10,3,93,0.121129,7.76028
1623251358,p,c,points,300000,10,3,72,0.120945,5.87016
1623251365,p,c,points,300000,10,3,51,0.160704,4.21657
1623251375,p,c,points,300000,10,3,89,0.120861,7.50376
1623251384,p,c,points,300000,10,3,83,0.121356,6.7913
1623251391,p,c,points,300000,10,3,54,0.120944,4.49711
1623251398,p,c,points,300000,10,3,51,0.121153,4.27869
1623251406,p,c,points,300000,10,3,64,0.120856,5.35271
1623251413,p,c,points,300000,10,3,66,0.121049,5.46145
1623251421,p,c,points,300000,10,3,63,0.159476,5.23225
1623251479,p,c,points,50000,10,4,49,0.0190547,0.618678
1623251481,p,c,points,50000,10,4,39,0.0190958,0.497072
1623251484,p,c,points,50000,10,4,52,0.019003,0.625623
1623251486,p,c,points,50000,10,4,57,0.0189031,0.714221
1623251488,p,c,points,50000,10,4,36,0.0189852,0.45305
1623251490,p,c,points,50000,10,4,54,0.0189626,0.670517
1623251492,p,c,points,50000,10,4,99,0.0191177,1.25073
1623251494,p,c,points,50000,10,4,41,0.0190451,0.510925
1623251495,p,c,points,50000,10,4,40,0.019098,0.492828
1623251497,p,c,points,50000,10,4,24,0.0189567,0.29679
1623251517,p,c,points,50000,10,4,51,0.0190062,0.633955
1623251519,p,c,points,50000,10,4,56,0.0190513,0.687071
1623251520,p,c,points,50000,10,4,39,0.0189326,0.47653
1623251522,p,c,points,50000,10,4,38,0.0190161,0.492875
1623251523,p,c,points,50000,10,4,43,0.0189636,0.531608
1623251525,p,c,points,50000,10,4,38,0.0189253,0.477018
1623251527,p,c,points,50000,10,4,53,0.0189642,0.680506
1623251528,p,c,points,50000,10,4,58,0.0189978,0.720499
1623251530,p,c,points,50000,10,4,55,0.0189459,0.681188
1623251532,p,c,points,50000,10,4,91,0.018973,1.12082
1623251534,p,c,points,50000,10,4,61,0.0190016,0.756304
1623251535,p,c,points,50000,10,4,56,0.0191124,0.701095
1623251537,p,c,points,50000,10,4,68,0.018926,0.850117
1623251539,p,c,points,50000,10,4,82,0.0188996,1.04752
1623251541,p,c,points,50000,10,4,37,0.0190202,0.472015
1623251542,p,c,points,50000,10,4,29,0.0204597,0.350282
1623251544,p,c,points,50000,10,4,57,0.0191204,0.713996
1623251545,p,c,points,50000,10,4,64,0.0189828,0.779325
1623251547,p,c,points,50000,10,4,36,0.0191092,0.447327
1623251548,p,c,points,50000,10,4,52,0.0190535,0.645775
1623251549,p,c,points,50000,10,4,45,0.0189757,0.53866
1623251552,p,c,points,50000,10,4,98,0.0190348,1.23855
1623251553,p,c,points,50000,10,4,50,0.0189557,0.621668
1623251555,p,c,points,50000,10,4,45,0.0189414,0.558152
1623251585,p,c,points,100000,10,4,42,0.0378725,1.04976
1623251588,p,c,points,100000,10,4,63,0.0376788,1.57088
1623251590,p,c,points,100000,10,4,53,0.0379766,1.31468
1623251593,p,c,points,100000,10,4,47,0.0377186,1.1554
1623251596,p,c,points,100000,10,4,74,0.0377753,1.87492
1623251598,p,c,points,100000,10,4,52,0.0384775,1.30136
1623251601,p,c,points,100000,10,4,62,0.0380698,1.59421
1623251604,p,c,points,100000,10,4,69,0.0378202,1.70599
1623251606,p,c,points,100000,10,4,50,0.0377337,1.23353
1623251609,p,c,points,100000,10,4,59,0.0377894,1.50239
1623251611,p,c,points,100000,10,4,53,0.0378043,1.28031
1623251614,p,c,points,100000,10,4,54,0.0377278,1.44508
1623251617,p,c,points,100000,10,4,70,0.0377328,1.7278
1623251619,p,c,points,100000,10,4,63,0.0378207,1.59199
1623251623,p,c,points,100000,10,4,76,0.0376644,1.85256
1623251625,p,c,points,100000,10,4,53,0.0376878,1.31041
1623251628,p,c,points,100000,10,4,63,0.0376613,1.56808
1623251632,p,c,points,100000,10,4,119,0.0376802,2.99667
1623251635,p,c,points,100000,10,4,71,0.037802,1.79583
1623251637,p,c,points,100000,10,4,54,0.0378771,1.32779
1623251640,p,c,points,100000,10,4,57,0.0378135,1.40098
1623251642,p,c,points,100000,10,4,63,0.0377316,1.55067
1623251645,p,c,points,100000,10,4,70,0.0379825,1.75657
1623251649,p,c,points,100000,10,4,105,0.0378779,2.62385
1623251652,p,c,points,100000,10,4,68,0.037771,1.70242
1623251699,p,c,points,200000,10,4,150,0.136802,7.61258
1623251704,p,c,points,200000,10,4,66,0.159646,3.33643
1623251711,p,c,points,200000,10,4,112,0.136239,5.66547
1623251720,p,c,points,200000,10,4,93,0.136837,4.73208
1623251728,p,c,points,200000,10,4,120,0.136286,6.03149
1623251735,p,c,points,200000,10,4,110,0.136791,5.46854
1623251743,p,c,points,200000,10,4,121,0.136353,5.99204
1623251753,p,c,points,200000,10,4,80,0.136195,4.11004
1623251759,p,c,points,200000,10,4,69,0.136678,3.49183
1623251772,p,c,points,200000,10,4,96,0.136353,5.00275
1623251777,p,c,points,200000,10,4,66,0.136326,3.33507
1623251784,p,c,points,200000,10,4,104,0.136322,5.20126
1623251791,p,c,points,200000,10,4,93,0.137749,4.74403
1623251800,p,c,points,200000,10,4,147,0.13621,7.44906
1623251805,p,c,points,200000,10,4,66,0.136485,3.43459
1623251810,p,c,points,200000,10,4,64,0.140955,3.1949
1623251819,p,c,points,200000,10,4,150,0.137282,7.50752
1623251827,p,c,points,200000,10,4,129,0.136268,6.36425
1623251832,p,c,points,200000,10,4,59,0.136366,2.98509
1623251837,p,c,points,200000,10,4,65,0.136295,3.20443
1623251844,p,c,points,200000,10,4,109,0.136144,5.42762
1623251879,p,c,points,300000,10,4,68,0.121375,5.2173
1623251886,p,c,points,300000,10,4,75,0.121391,5.59468
1623251893,p,c,points,300000,10,4,59,0.121099,4.41835
1623251901,p,c,points,300000,10,4,84,0.121434,6.62391
1623251911,p,c,points,300000,10,4,93,0.121426,7.15919
1623251917,p,c,points,300000,10,4,58,0.12107,4.38733
1623251925,p,c,points,300000,10,4,73,0.121048,5.47476
1623251979,p,c,points,300000,10,4,59,0.121288,4.43186
1623252006,p,c,points,300000,10,4,57,0.121001,4.25251
1623252013,p,c,points,300000,10,4,73,0.120982,5.43002
1623252019,p,c,points,300000,10,4,59,0.120982,4.37783
1623252028,p,c,points,300000,10,4,92,0.121068,6.87881
1623252035,p,c,points,300000,10,4,59,0.120888,4.45273
1623252044,p,c,points,300000,10,4,92,0.121074,6.8927
1623252050,p,c,points,300000,10,4,61,0.121329,4.50345
1623252085,p,c,points,50000,10,5,61,0.0191361,0.906793
1623252086,p,c,points,50000,10,5,50,0.0191996,0.678753
1623252088,p,c,points,50000,10,5,48,0.0191238,0.66725
1623252089,p,c,points,50000,10,5,47,0.01899,0.647222
1623252091,p,c,points,50000,10,5,58,0.0204145,0.82911
1623252092,p,c,points,50000,10,5,46,0.0190363,0.640334
1623252093,p,c,points,50000,10,5,40,0.0189776,0.53851
1623252095,p,c,points,50000,10,5,42,0.0189973,0.574769
1623252096,p,c,points,50000,10,5,63,0.0189439,0.850313
1623252098,p,c,points,50000,10,5,61,0.0189414,0.851168
1623252099,p,c,points,50000,10,5,50,0.0189446,0.701959
1623252101,p,c,points,50000,10,5,65,0.0189938,0.914958
1623252102,p,c,points,50000,10,5,29,0.018948,0.422489
1623252107,p,c,points,50000,10,5,51,0.0189366,0.690599
1623252110,p,c,points,50000,10,5,32,0.0189333,0.433951
1623252113,p,c,points,50000,10,5,77,0.0189562,1.05361
1623252114,p,c,points,50000,10,5,57,0.0190039,0.763993
1623252116,p,c,points,50000,10,5,95,0.0189702,1.29621
1623252119,p,c,points,50000,10,5,74,0.0190836,1.01089
1623252120,p,c,points,50000,10,5,44,0.018964,0.600445
1623252122,p,c,points,50000,10,5,52,0.0190272,0.712245
1623252123,p,c,points,50000,10,5,40,0.0189991,0.553186
1623252125,p,c,points,50000,10,5,39,0.0190168,0.549265
1623252126,p,c,points,50000,10,5,67,0.0189406,0.910621
1623252128,p,c,points,50000,10,5,73,0.0189633,1.01103
1623252129,p,c,points,50000,10,5,29,0.0189519,0.401658
1623252131,p,c,points,50000,10,5,47,0.0189345,0.692955
1623252162,p,c,points,100000,10,5,130,0.0378061,3.5895
1623252165,p,c,points,100000,10,5,84,0.0379056,2.27339
1623252169,p,c,points,100000,10,5,102,0.0376491,2.81441
1623252171,p,c,points,100000,10,5,32,0.0377141,0.890051
1623252173,p,c,points,100000,10,5,41,0.0377286,1.13703
1623252175,p,c,points,100000,10,5,57,0.0378006,1.59444
1623252178,p,c,points,100000,10,5,62,0.0378533,1.74161
1623252180,p,c,points,100000,10,5,55,0.0377587,1.51252
1623252183,p,c,points,100000,10,5,61,0.037958,1.68963
1623252186,p,c,points,100000,10,5,62,0.037768,1.71584
1623252189,p,c,points,100000,10,5,70,0.0379872,1.90515
1623252191,p,c,points,100000,10,5,46,0.0377807,1.28579
1623252195,p,c,points,100000,10,5,58,0.050931,1.58913
1623252199,p,c,points,100000,10,5,37,0.0377241,1.04468
1623252201,p,c,points,100000,10,5,51,0.0377623,1.45344
1623252206,p,c,points,100000,10,5,57,0.0495249,1.61583
1623252208,p,c,points,100000,10,5,65,0.0377205,1.75402
1623252213,p,c,points,100000,10,5,150,0.0377795,4.15211
1623252216,p,c,points,100000,10,5,61,0.0376802,1.69847
1623252219,p,c,points,100000,10,5,43,0.0377449,1.23466
1623252221,p,c,points,100000,10,5,56,0.0378164,1.57575
1623252224,p,c,points,100000,10,5,51,0.037688,1.45143
1623252227,p,c,points,100000,10,5,82,0.0377102,2.28527
1623252229,p,c,points,100000,10,5,38,0.0378484,1.06745
1623252232,p,c,points,100000,10,5,76,0.0377473,2.06634
1623252234,p,c,points,100000,10,5,46,0.0377083,1.36575
1623252236,p,c,points,100000,10,5,55,0.0379247,1.53153
1623252239,p,c,points,100000,10,5,71,0.0377197,1.93486
1623252273,p,c,points,200000,10,5,150,0.136215,8.51445
1623252283,p,c,points,200000,10,5,150,0.136536,8.40812
1623252293,p,c,points,200000,10,5,150,0.136274,8.49572
1623252300,p,c,points,200000,10,5,104,0.136365,5.83252
1623252305,p,c,points,200000,10,5,66,0.136545,3.65276
1623252315,p,c,points,200000,10,5,150,0.136364,8.22997
1623252320,p,c,points,200000,10,5,65,0.136609,3.65895
1623252327,p,c,points,200000,10,5,87,0.137198,5.06724
1623252333,p,c,points,200000,10,5,73,0.136412,4.17092
1623252338,p,c,points,200000,10,5,71,0.136171,4.10407
1623252344,p,c,points,200000,10,5,73,0.136653,4.13562
1623252350,p,c,points,200000,10,5,82,0.136307,4.54497
1623252378,p,c,points,300000,10,5,55,0.121076,4.72195
1623252384,p,c,points,300000,10,5,53,0.120905,4.38463
1623252394,p,c,points,300000,10,5,101,0.120966,8.31729
1623252401,p,c,points,300000,10,5,59,0.120845,5.00378
1623252411,p,c,points,300000,10,5,87,0.121121,7.24712
1623252416,p,c,points,300000,10,5,44,0.120906,3.91304
1623252426,p,c,points,300000,10,5,92,0.120969,7.73513
1623252433,p,c,points,300000,10,5,70,0.121157,5.7806
1623252439,p,c,points,300000,10,5,51,0.120974,4.26502
1623252448,p,c,points,300000,10,5,79,0.120882,6.54127
1623252455,p,c,points,300000,10,5,68,0.121043,5.67279
1623252463,p,c,points,300000,10,5,64,0.121022,5.58427
1623252468,p,c,points,300000,10,5,47,0.121654,3.89222
1623252476,p,c,points,300000,10,5,73,0.120949,6.06067
1623252489,p,c,points,300000,10,5,136,0.121196,11.3644
1623252576,p,c,points,50000,10,6,55,0.0189958,0.885258
1623252578,p,c,points,50000,10,6,48,0.0189496,0.771355
1623252580,p,c,points,50000,10,6,60,0.0189618,0.952372
1623252585,p,c,points,50000,10,6,44,0.0189529,0.701324
1623252586,p,c,points,50000,10,6,44,0.0188953,0.708097
1623252588,p,c,points,50000,10,6,48,0.0190126,0.755044
1623252589,p,c,points,50000,10,6,44,0.0189075,0.699938
1623252590,p,c,points,50000,10,6,46,0.0189587,0.767602
1623252592,p,c,points,50000,10,6,32,0.0189027,0.508561
1623252594,p,c,points,50000,10,6,56,0.0190485,0.900827
1623252596,p,c,points,50000,10,6,63,0.0191772,1.11863
1623252599,p,c,points,50000,10,6,40,0.019034,0.638256
1623252602,p,c,points,50000,10,6,59,0.0189369,1.02068
1623252605,p,c,points,50000,10,6,46,0.0191502,0.740447
1623252607,p,c,points,50000,10,6,132,0.0189811,2.06233
1623252609,p,c,points,50000,10,6,77,0.0189125,1.20577
1623252611,p,c,points,50000,10,6,36,0.0190903,0.563787
1623252613,p,c,points,50000,10,6,41,0.0190958,0.649941
1623252614,p,c,points,50000,10,6,47,0.0190079,0.747871
1623252616,p,c,points,50000,10,6,51,0.0191855,0.819611
1623252617,p,c,points,50000,10,6,42,0.0190102,0.678202
1623252619,p,c,points,50000,10,6,63,0.0189008,1.02588
1623252621,p,c,points,50000,10,6,60,0.0189513,0.975112
1623252623,p,c,points,50000,10,6,79,0.0189325,1.27899
1623252626,p,c,points,50000,10,6,119,0.0189615,1.89388
1623252628,p,c,points,50000,10,6,80,0.018996,1.27325
1623252629,p,c,points,50000,10,6,37,0.0189066,0.605269
1623252631,p,c,points,50000,10,6,42,0.0189344,0.672353
1623252632,p,c,points,50000,10,6,43,0.0190636,0.685528
1623252635,p,c,points,50000,10,6,69,0.0189399,1.12284
1623252636,p,c,points,50000,10,6,68,0.0189419,1.08578
1623252638,p,c,points,50000,10,6,51,0.0189374,0.857776
1623252640,p,c,points,50000,10,6,59,0.018948,0.927981
1623252642,p,c,points,50000,10,6,46,0.0190478,0.732253
1623252643,p,c,points,50000,10,6,45,0.0189442,0.70818
1623252644,p,c,points,50000,10,6,26,0.0189349,0.418013
1623252646,p,c,points,50000,10,6,55,0.0189567,0.867585
1623252647,p,c,points,50000,10,6,47,0.0188652,0.731258
1623252649,p,c,points,50000,10,6,53,0.0189676,0.855612
1623252651,p,c,points,50000,10,6,56,0.0189179,0.881643
1623252653,p,c,points,50000,10,6,45,0.0190208,0.723485
1623252654,p,c,points,50000,10,6,47,0.0189555,0.736498
1623252656,p,c,points,50000,10,6,59,0.01894,0.947375
1623252680,p,c,points,100000,10,6,66,0.0377892,2.11565
1623252685,p,c,points,100000,10,6,75,0.0379623,2.36775
1623252687,p,c,points,100000,10,6,54,0.0377986,1.73422
1623252691,p,c,points,100000,10,6,62,0.0377475,1.9654
1623252695,p,c,points,100000,10,6,75,0.0376535,2.37617
1623252698,p,c,points,100000,10,6,48,0.0377912,1.5278
1623252701,p,c,points,100000,10,6,72,0.0377621,2.33066
1623252704,p,c,points,100000,10,6,44,0.0377247,1.39812
1623252706,p,c,points,100000,10,6,32,0.037883,1.01216
1623252709,p,c,points,100000,10,6,52,0.0377285,1.7135
1623252712,p,c,points,100000,10,6,50,0.0377815,1.59581
1623252714,p,c,points,100000,10,6,43,0.0378073,1.39491
1623252717,p,c,points,100000,10,6,75,0.0380011,2.3925
1623252720,p,c,points,100000,10,6,52,0.0377607,1.66658
1623252722,p,c,points,100000,10,6,46,0.0377102,1.4775
1623252725,p,c,points,100000,10,6,68,0.0377839,2.19626
1623252729,p,c,points,100000,10,6,66,0.0377855,2.13924
1623252731,p,c,points,100000,10,6,38,0.0379795,1.18645
1623252733,p,c,points,100000,10,6,37,0.0378181,1.20878
1623252736,p,c,points,100000,10,6,65,0.0377061,2.07124
1623252739,p,c,points,100000,10,6,43,0.0377135,1.40048
1623252742,p,c,points,100000,10,6,49,0.0376918,1.58807
1623252744,p,c,points,100000,10,6,52,0.037727,1.76028
1623252747,p,c,points,100000,10,6,63,0.0379519,2.03305
1623252750,p,c,points,100000,10,6,55,0.0378359,1.75369
1623252753,p,c,points,100000,10,6,58,0.0378649,1.88055
1623252756,p,c,points,100000,10,6,76,0.0389149,2.43527
1623252759,p,c,points,100000,10,6,55,0.0378619,1.78291
1623252763,p,c,points,100000,10,6,76,0.0379061,2.4375
1623252765,p,c,points,100000,10,6,41,0.0377454,1.33632
1623252768,p,c,points,100000,10,6,56,0.0377339,1.81716
1623252771,p,c,points,100000,10,6,65,0.0377941,2.05652
1623252774,p,c,points,100000,10,6,56,0.0377934,1.78271
1623252779,p,c,points,100000,10,6,105,0.0378577,3.33661
1623252781,p,c,points,100000,10,6,35,0.0377243,1.11833
1623252785,p,c,points,100000,10,6,58,0.0378895,1.84334
1623252817,p,c,points,200000,10,6,97,0.136236,6.28525
1623252823,p,c,points,200000,10,6,75,0.136528,4.86934
1623252833,p,c,points,200000,10,6,120,0.136512,7.78736
1623252844,p,c,points,200000,10,6,150,0.13651,9.56566
1623252856,p,c,points,200000,10,6,150,0.136434,9.73634
1623252863,p,c,points,200000,10,6,81,0.136312,5.14503
1623252874,p,c,points,200000,10,6,150,0.136321,9.6152
1623252888,p,c,points,200000,10,6,137,0.137033,8.7725
1623252894,p,c,points,200000,10,6,53,0.136301,3.48572
1623252903,p,c,points,200000,10,6,116,0.136934,7.45985
1623252914,p,c,points,200000,10,6,150,0.136253,9.59246
1623252928,p,c,points,200000,10,6,150,0.136379,9.84746
1623252943,p,c,points,200000,10,6,87,0.136293,5.60658
1623252955,p,c,points,200000,10,6,150,0.136367,9.64887
1623252962,p,c,points,200000,10,6,87,0.136942,5.61498
1623252975,p,c,points,200000,10,6,150,0.136517,10.4121
1623252982,p,c,points,200000,10,6,79,0.136525,5.0531
1623252989,p,c,points,200000,10,6,81,0.136392,5.16195
1623253054,p,c,points,300000,10,6,56,0.121123,5.34817
1623253063,p,c,points,300000,10,6,73,0.121584,6.94759
1623253071,p,c,points,300000,10,6,73,0.120809,7.06679
1623253081,p,c,points,300000,10,6,79,0.120955,7.64528
1623253096,p,c,points,300000,10,6,45,0.121394,4.28458
1623253107,p,c,points,300000,10,6,100,0.12087,9.65571
1623253121,p,c,points,300000,10,6,110,0.121078,10.4059
1623253129,p,c,points,300000,10,6,67,0.120924,6.39691
1623253137,p,c,points,300000,10,6,65,0.120907,6.33403
1623253147,p,c,points,300000,10,6,87,0.120906,8.36309
1623253161,p,c,points,300000,10,6,122,0.12094,11.7406
1623253205,p,c,points,50000,10,7,70,0.0189611,1.2206
1623253208,p,c,points,50000,10,7,50,0.0189376,0.911226
1623253210,p,c,points,50000,10,7,39,0.0189324,0.703567
1623253211,p,c,points,50000,10,7,61,0.0258305,1.10704
1623253214,p,c,points,50000,10,7,79,0.0189985,1.40548
1623253215,p,c,points,50000,10,7,44,0.0189831,0.773798
1623253217,p,c,points,50000,10,7,32,0.0189313,0.592246
1623253218,p,c,points,50000,10,7,48,0.0190051,0.919116
1623253220,p,c,points,50000,10,7,45,0.0189967,0.808166
1623253221,p,c,points,50000,10,7,40,0.0189095,0.721259
1623253223,p,c,points,50000,10,7,60,0.0190336,1.0866
1623253225,p,c,points,50000,10,7,60,0.0191678,1.08078
1623253226,p,c,points,50000,10,7,50,0.0189614,0.884753
1623253228,p,c,points,50000,10,7,70,0.0189446,1.24546
1623253231,p,c,points,50000,10,7,74,0.0189796,1.31608
1623253232,p,c,points,50000,10,7,34,0.0189779,0.622664
1623253234,p,c,points,50000,10,7,51,0.0189604,0.90666
1623253235,p,c,points,50000,10,7,41,0.0189883,0.74116
1623253237,p,c,points,50000,10,7,52,0.0190551,0.935568
1623253239,p,c,points,50000,10,7,53,0.019002,0.967464
1623253241,p,c,points,50000,10,7,52,0.0189179,0.933187
1623253243,p,c,points,50000,10,7,75,0.0189248,1.32849
1623253244,p,c,points,50000,10,7,50,0.0189601,0.882434
1623253246,p,c,points,50000,10,7,47,0.0190891,0.839082
1623253248,p,c,points,50000,10,7,46,0.0189676,0.821037
1623253249,p,c,points,50000,10,7,39,0.0191376,0.694931
1623253251,p,c,points,50000,10,7,59,0.0189735,1.09436
1623253252,p,c,points,50000,10,7,37,0.0189271,0.670814
1623253254,p,c,points,50000,10,7,54,0.0189516,0.966068
1623253255,p,c,points,50000,10,7,44,0.0189606,0.765127
1623253258,p,c,points,50000,10,7,148,0.0190257,2.62117
1623253260,p,c,points,50000,10,7,41,0.019045,0.744378
1623253261,p,c,points,50000,10,7,35,0.0190005,0.624531
1623253263,p,c,points,50000,10,7,48,0.0189051,0.850451
1623253265,p,c,points,50000,10,7,66,0.0189167,1.2017
1623253266,p,c,points,50000,10,7,31,0.0189831,0.546942
1623253268,p,c,points,50000,10,7,46,0.018954,0.829202
1623253296,p,c,points,100000,10,7,63,0.0377288,2.2459
1623253300,p,c,points,100000,10,7,75,0.037926,2.66072
1623253303,p,c,points,100000,10,7,42,0.0377317,1.48833
1623253306,p,c,points,100000,10,7,52,0.037695,1.87553
1623253309,p,c,points,100000,10,7,73,0.0377,2.59325
1623253311,p,c,points,100000,10,7,41,0.0378852,1.4655
1623253315,p,c,points,100000,10,7,69,0.0377153,2.45339
1623253318,p,c,points,100000,10,7,67,0.0377344,2.39973
1623253321,p,c,points,100000,10,7,58,0.0377173,2.04778
1623253324,p,c,points,100000,10,7,59,0.0378938,2.08188
1623253327,p,c,points,100000,10,7,68,0.0376795,2.46516
1623253330,p,c,points,100000,10,7,41,0.0377288,1.49975
1623253333,p,c,points,100000,10,7,57,0.0378836,2.11784
1623253336,p,c,points,100000,10,7,72,0.0379133,2.57822
1623253339,p,c,points,100000,10,7,54,0.0377701,1.94329
1623253342,p,c,points,100000,10,7,62,0.0380695,2.37459
1623253345,p,c,points,100000,10,7,57,0.0377313,2.06332
1623253350,p,c,points,100000,10,7,109,0.037678,3.93572
1623253353,p,c,points,100000,10,7,47,0.0377419,1.71853
1623253357,p,c,points,100000,10,7,79,0.0378853,2.91605
1623253360,p,c,points,100000,10,7,74,0.0377673,2.89504
1623253363,p,c,points,100000,10,7,44,0.0380677,1.59879
1623253365,p,c,points,100000,10,7,50,0.0377211,1.80922
1623253369,p,c,points,100000,10,7,96,0.0380305,3.43342
1623253372,p,c,points,100000,10,7,58,0.038482,2.0772
1623253375,p,c,points,100000,10,7,46,0.0377711,1.66339
1623253377,p,c,points,100000,10,7,46,0.037804,1.66788
1623253381,p,c,points,100000,10,7,81,0.0378029,2.8664
1623253384,p,c,points,100000,10,7,64,0.0387072,2.31574
1623253418,p,c,points,200000,10,7,147,0.136483,10.6772
1623253430,p,c,points,200000,10,7,150,0.136183,10.737
1623253443,p,c,points,200000,10,7,150,0.136302,10.7272
1623253455,p,c,points,200000,10,7,150,0.136274,10.7395
1623253499,p,c,points,200000,10,7,96,0.136873,6.8966
1623253507,p,c,points,200000,10,7,93,0.136407,6.65547
1623253513,p,c,points,200000,10,7,61,0.136437,4.36967
1623253517,p,c,points,200000,10,7,44,0.136359,3.25685
1623253534,p,c,points,200000,10,7,200,0.136834,15.875
1623253541,p,c,points,200000,10,7,70,0.136124,5.00983
1623253554,p,c,points,200000,10,7,164,0.138527,11.8798
1623253563,p,c,points,200000,10,7,106,0.136175,7.74422
1623253574,p,c,points,200000,10,7,118,0.136364,8.4593
1623253605,p,c,points,300000,10,7,54,0.12116,5.84166
1623253615,p,c,points,300000,10,7,72,0.121597,7.78103
1623253630,p,c,points,300000,10,7,130,0.12092,13.847
1623253637,p,c,points,300000,10,7,50,0.120963,5.38007
1623253647,p,c,points,300000,10,7,63,0.120928,6.85868
1623253655,p,c,points,300000,10,7,58,0.120928,6.2464
1623253664,p,c,points,300000,10,7,67,0.122996,7.13661
1623253675,p,c,points,300000,10,7,87,0.121292,9.46246
1623253693,p,c,points,300000,10,7,150,0.121478,16.1709
1623253700,p,c,points,300000,10,7,51,0.121969,5.42333
1623253709,p,c,points,300000,10,7,71,0.121336,7.72411
1623253738,p,c,points,50000,10,8,43,0.0189771,0.924535
1623253740,p,c,points,50000,10,8,72,0.01901,1.41488
1623253742,p,c,points,50000,10,8,53,0.0189813,1.05744
1623253744,p,c,points,50000,10,8,50,0.0191495,0.986294
1623253745,p,c,points,50000,10,8,51,0.0189918,1.00823
1623253748,p,c,points,50000,10,8,98,0.0189782,1.89756
1623253750,p,c,points,50000,10,8,45,0.0189819,0.880317
1623253752,p,c,points,50000,10,8,62,0.0189142,1.20859
1623253754,p,c,points,50000,10,8,72,0.0189276,1.43857
1623253756,p,c,points,50000,10,8,57,0.0189631,1.11251
1623253758,p,c,points,50000,10,8,48,0.0189515,0.936218
1623253759,p,c,points,50000,10,8,27,0.0189953,0.529462
1623253761,p,c,points,50000,10,8,65,0.0189737,1.26377
1623253762,p,c,points,50000,10,8,42,0.01891,0.830398
1623253764,p,c,points,50000,10,8,47,0.0189888,0.917937
1623253766,p,c,points,50000,10,8,50,0.0189516,0.983632
1623253767,p,c,points,50000,10,8,40,0.0189386,0.775509
1623253770,p,c,points,50000,10,8,129,0.0189716,2.51289
1623253772,p,c,points,50000,10,8,37,0.0190046,0.724515
1623253774,p,c,points,50000,10,8,57,0.019022,1.11105
1623253776,p,c,points,50000,10,8,53,0.0197961,1.03302
1623253777,p,c,points,50000,10,8,43,0.0189946,0.868152
1623253779,p,c,points,50000,10,8,61,0.0191691,1.21907
1623253781,p,c,points,50000,10,8,36,0.0189143,0.717821
1623253783,p,c,points,50000,10,8,78,0.0189492,1.54379
1623253785,p,c,points,50000,10,8,51,0.0189793,1.017
1623253786,p,c,points,50000,10,8,44,0.0189604,0.870945
1623253788,p,c,points,50000,10,8,45,0.0188764,0.889144
1623253790,p,c,points,50000,10,8,72,0.0255992,1.39962
1623253792,p,c,points,50000,10,8,51,0.0190646,0.985066
1623253794,p,c,points,50000,10,8,61,0.0189803,1.19744
1623253796,p,c,points,50000,10,8,39,0.0190003,0.761072
1623253798,p,c,points,50000,10,8,58,0.0189643,1.14867
1623253800,p,c,points,50000,10,8,42,0.0189723,0.836347
1623253801,p,c,points,50000,10,8,50,0.0189416,0.993923
1623253803,p,c,points,50000,10,8,40,0.0190875,0.789384
1623253804,p,c,points,50000,10,8,58,0.0189225,1.13187
1623253806,p,c,points,50000,10,8,31,0.0189952,0.605029
1623253808,p,c,points,50000,10,8,46,0.0189698,0.920561
1623253809,p,c,points,50000,10,8,47,0.019075,0.93398
1623253811,p,c,points,50000,10,8,53,0.0189537,1.0342
1623253813,p,c,points,50000,10,8,67,0.018959,1.31476
1623253814,p,c,points,50000,10,8,37,0.018954,0.76963
1623253816,p,c,points,50000,10,8,54,0.0190099,1.06323
1623253817,p,c,points,50000,10,8,39,0.0189211,0.758424
1623253819,p,c,points,50000,10,8,47,0.0189037,0.973977
1623253847,p,c,points,100000,10,8,55,0.0377901,2.18308
1623253850,p,c,points,100000,10,8,50,0.0377732,1.95125
1623253853,p,c,points,100000,10,8,65,0.0376667,2.52212
1623253856,p,c,points,100000,10,8,50,0.0377538,1.96198
1623253860,p,c,points,100000,10,8,64,0.0379182,2.53119
1623253863,p,c,points,100000,10,8,71,0.0379136,2.78355
1623253867,p,c,points,100000,10,8,72,0.0377663,2.98904
1623253871,p,c,points,100000,10,8,69,0.0378528,2.70418
1623253874,p,c,points,100000,10,8,61,0.0377035,2.43253
1623253878,p,c,points,100000,10,8,81,0.0377968,3.14935
1623253882,p,c,points,100000,10,8,77,0.0377096,2.99776
1623253884,p,c,points,100000,10,8,41,0.0377205,1.62451
1623253887,p,c,points,100000,10,8,43,0.0378475,1.68885
1623253895,p,c,points,100000,10,8,179,0.0511338,7.12363
1623253899,p,c,points,100000,10,8,76,0.0380337,2.95412
1623253903,p,c,points,100000,10,8,70,0.0379013,2.75927
1623253906,p,c,points,100000,10,8,57,0.0376699,2.23114
1623253910,p,c,points,100000,10,8,76,0.0378441,2.96536
1623253914,p,c,points,100000,10,8,73,0.0376935,2.85336
1623253918,p,c,points,100000,10,8,75,0.0380456,3.09405
1623253923,p,c,points,100000,10,8,82,0.0383865,3.23183
1623253927,p,c,points,100000,10,8,65,0.0378304,2.569
1623253930,p,c,points,100000,10,8,70,0.0377843,2.79579
1623253975,p,c,points,200000,10,8,110,0.136313,8.65145
1623253994,p,c,points,200000,10,8,200,0.13669,15.9872
1623254005,p,c,points,200000,10,8,109,0.136295,8.63273
1623254013,p,c,points,200000,10,8,81,0.136621,6.40884
1623254031,p,c,points,200000,10,8,200,0.136833,15.7597
1623254041,p,c,points,200000,10,8,105,0.136252,8.31682
1623254048,p,c,points,200000,10,8,58,0.136267,4.59805
1623254058,p,c,points,200000,10,8,93,0.136224,7.35196
1623254068,p,c,points,200000,10,8,93,0.136237,7.43843
1623254086,p,c,points,200000,10,8,200,0.13657,16.0077
1623254094,p,c,points,200000,10,8,72,0.136224,5.75884
1623254103,p,c,points,200000,10,8,89,0.136283,7.11534
1623254124,p,c,points,200000,10,8,200,0.136339,15.753
1623254134,p,c,points,200000,10,8,99,0.136393,7.81544
1623254198,p,c,points,300000,10,8,75,0.121117,8.85525
1623254209,p,c,points,300000,10,8,75,0.12214,8.96305
1623254219,p,c,points,300000,10,8,75,0.12153,8.94387
1623254234,p,c,points,300000,10,8,108,0.121302,12.9256
1623254242,p,c,points,300000,10,8,50,0.121083,5.81885
1623254254,p,c,points,300000,10,8,89,0.120737,10.5562
1623254280,p,c,points,300000,10,8,200,0.121279,23.4215
1623254289,p,c,points,300000,10,8,62,0.120897,7.30559
1623254301,p,c,points,300000,10,8,86,0.120977,10.1748
1623254311,p,c,points,300000,10,8,63,0.12127,7.56501
1623254321,p,c,points,300000,10,8,68,0.120966,8.23414
1623254338,p,c,points,300000,10,8,125,0.121066,14.893
1623254354,p,c,points,300000,10,8,118,0.121133,14.001
1623254364,p,c,points,300000,10,8,63,0.121185,7.49172
1623254380,p,c,points,300000,10,8,68,0.120952,8.14098
1623254394,p,c,points,300000,10,8,108,0.121221,12.5262
1623254504,p,c,points,300000,10,9,76,0.121041,9.59872
1623254523,p,c,points,300000,10,9,112,0.121452,14.1815
1623254540,p,c,points,300000,10,9,71,0.120901,9.07653
1623254608,p,c,points,300000,10,9,71,0.121281,9.09114
1623254628,p,c,points,300000,10,9,136,0.120886,17.4302
1623254637,p,c,points,300000,10,9,51,0.121211,6.45706
1623254648,p,c,points,300000,10,9,64,0.120926,8.20134
1623254657,p,c,points,300000,10,9,49,0.121455,6.40282
1623254689,p,c,points,300000,10,10,60,0.120958,8.18114
1623254697,p,c,points,300000,10,10,45,0.120833,6.09796
1623254706,p,c,points,300000,10,10,52,0.120941,7.03782
1623254716,p,c,points,300000,10,10,54,0.12096,7.27859
1623254728,p,c,points,300000,10,10,75,0.121407,10.0278
1623254738,p,c,points,300000,10,10,58,0.121094,8.44575
1623254748,p,c,points,300000,10,10,53,0.120993,7.25414
1623254759,p,c,points,300000,10,10,63,0.121361,8.69156
1623254768,p,c,points,300000,10,10,47,0.120879,6.3458
1623254780,p,c,points,300000,10,10,82,0.120789,11.0264
1623254813,p,c,points,300000,10,11,74,0.120921,10.666
1623254825,p,c,points,300000,10,11,72,0.121499,10.5235
1623254834,p,c,points,300000,10,11,45,0.121001,6.62976
1623254844,p,c,points,300000,10,11,59,0.121242,8.44762
1623254854,p,c,points,300000,10,11,60,0.12097,8.68399
1623254874,p,c,points,300000,10,11,125,0.121273,17.82
1623254889,p,c,points,300000,10,11,92,0.121004,13.3325
1623254903,p,c,points,300000,10,11,82,0.120965,11.7879
1623254916,p,c,points,300000,10,11,74,0.12081,10.611
1623254929,p,c,points,300000,10,11,81,0.121359,11.6541
1623254970,p,c,points,300000,10,12,88,0.120987,13.5987
1623254987,p,c,points,300000,10,12,98,0.121212,15.1142
1623255003,p,c,points,300000,10,12,89,0.120939,13.6663
1623255017,p,c,points,300000,10,12,60,0.121498,9.18474
1623255034,p,c,points,300000,10,12,100,0.120993,15.2584
1623255047,p,c,points,300000,10,12,69,0.121,10.5746
1623255082,p,c,points,300000,10,13,73,0.121013,11.2081
1623255097,p,c,points,300000,10,13,71,0.121221,11.7701
1623255110,p,c,points,300000,10,13,71,0.121134,10.9679
1623255124,p,c,points,300000,10,13,71,0.1211,11.3018
1623255136,p,c,points,300000,10,13,68,0.121786,10.5967
1623255146,p,c,points,300000,10,13,47,0.123851,7.29993
1623255159,p,c,points,300000,10,13,72,0.121144,11.3768
1623255173,p,c,points,300000,10,13,75,0.120975,11.6614
1623255187,p,c,points,300000,10,13,76,0.121752,11.8347
1623255357,p,c,points,300000,10,14,77,0.121177,12.9324
1623255367,p,c,points,300000,10,14,52,0.121537,8.11267
1623255391,p,c,points,300000,10,14,79,0.121033,12.2388
1623255461,p,c,points,300000,10,14,78,0.121709,11.9794
1623255475,p,c,points,300000,10,14,75,0.120918,11.8802
1623255488,p,c,points,300000,10,14,76,0.120919,11.7199
1623255500,p,c,points,300000,10,14,56,0.120909,9.46007
1623255520,p,c,points,300000,10,14,118,0.121394,18.3652
1623255529,p,c,points,300000,10,14,42,0.121489,6.56599
1623255564,p,c,points,300000,10,15,60,0.120915,9.19278
1623255580,p,c,points,300000,10,15,78,0.120849,12.6957
1623255593,p,c,points,300000,10,15,69,0.121204,10.9305
1623255602,p,c,points,300000,10,15,46,0.12092,7.06396
1623255615,p,c,points,300000,10,15,74,0.121107,11.4806
1623255625,p,c,points,300000,10,15,46,0.120923,7.14571
1623255638,p,c,points,300000,10,15,68,0.120851,10.6699
1623255650,p,c,points,300000,10,15,70,0.121174,10.8033
1623255665,p,c,points,300000,10,15,82,0.120979,12.6837
1623255703,p,c,points,300000,10,16,69,0.121285,10.959
1623255711,p,c,points,300000,10,16,36,0.121201,5.74969
1623255725,p,c,points,300000,10,16,74,0.121016,11.8281
1623255738,p,c,points,300000,10,16,69,0.121107,11.4264
1623255752,p,c,points,300000,10,16,80,0.121666,12.4278
1623255764,p,c,points,300000,10,16,67,0.121078,10.5252
1623255776,p,c,points,300000,10,16,65,0.121106,10.3723
1623255790,p,c,points,300000,10,16,74,0.121253,11.7622
1623255801,p,c,points,300000,10,16,59,0.121065,9.19863
1623255827,p,c,points,300000,10,16,155,0.120922,24.2834
1623255841,p,c,points,300000,10,16,73,0.120864,11.6281
1623255855,p,c,points,300000,10,16,78,0.121064,12.2292
1623255871,p,c,points,300000,10,16,94,0.124372,14.766
1623255911,p,c,points,300000,10,17,68,0.121284,11.0388
1623255923,p,c,points,300000,10,17,59,0.121208,9.50926
1623255935,p,c,points,300000,10,17,55,0.121285,9.03981
1623255947,p,c,points,300000,10,17,63,0.12086,10.1551
1623255961,p,c,points,300000,10,17,74,0.120917,11.9812
1623255974,p,c,points,300000,10,17,68,0.120941,10.8301
1623255983,p,c,points,300000,10,17,44,0.121218,6.98689
1623255997,p,c,points,300000,10,17,64,0.121821,10.2089
1623256014,p,c,points,300000,10,17,90,0.121132,14.7449
1623256021,p,c,points,300000,10,17,36,0.121205,5.75612
1623256036,p,c,points,300000,10,17,74,0.121147,11.7242
1623256049,p,c,points,300000,10,17,63,0.12144,10.1904
1623256099,p,c,points,300000,10,20,66,0.121359,11.3738
1623256115,p,c,points,300000,10,20,61,0.126148,10.4666
1623256129,p,c,points,300000,10,20,67,0.121314,11.4709
1623256145,p,c,points,300000,10,20,78,0.121689,13.4473
1623256158,p,c,points,300000,10,20,49,0.120809,8.36983
1623256178,p,c,points,300000,10,20,105,0.12097,17.7826
1623256191,p,c,points,300000,10,20,65,0.122307,11.2626
1623256212,p,c,points,300000,10,20,98,0.121195,16.6996
1623256223,p,c,points,300000,10,20,57,0.121192,9.76418
1623256235,p,c,points,300000,10,20,56,0.121542,9.44648
1623256247,p,c,points,300000,10,20,56,0.12102,9.4704
1623256259,p,c,points,300000,10,20,49,0.12119,8.29673
1623256353,p,c,points,300000,10,22,200,0.121299,35.3618
1623256367,p,c,points,300000,10,22,63,0.12129,11.5692
1623256380,p,c,points,300000,10,22,59,0.12133,10.7493
1623256399,p,c,points,300000,10,22,60,0.121039,10.7105
1623256449,p,c,points,300000,10,24,75,0.120949,14.291
1623256468,p,c,points,300000,10,24,65,0.120967,12.1617
1623256481,p,c,points,300000,10,24,58,0.121958,10.7585
1623256505,p,c,points,300000,10,24,83,0.121674,15.3941
1623256520,p,c,points,300000,10,24,68,0.120892,12.8846
1623256538,p,c,points,300000,10,24,82,0.121334,15.4149
1623256554,p,c,points,300000,10,24,78,0.120952,14.5988
1623256572,p,c,points,300000,10,24,83,0.120975,15.7497
1623256586,p,c,points,300000,10,24,66,0.121397,12.5111
1623247177,s,c,points,10000,10,1,32,0.00513641,0.427038
1623247231,s,c,points,10000,10,1,60,0.00392397,0.798041
1623247401,s,c,points,10000,10,1,58,0.00392833,0.771564
1623247406,s,c,points,10000,10,1,50,0.00393194,0.66649
1623247412,s,c,points,10000,10,1,22,0.00394917,0.292573
1623247418,s,c,points,10000,10,1,37,0.0039733,0.493424
1623247422,s,c,points,10000,10,1,34,0.00395146,0.452585
1623247424,s,c,points,10000,10,1,49,0.00396216,0.652783
1623247426,s,c,points,10000,10,1,36,0.00392389,0.478633
1623247428,s,c,points,10000,10,1,29,0.00392191,0.386214
1623247430,s,c,points,10000,10,1,15,0.00397543,0.199963
1623247433,s,c,points,10000,10,1,33,0.00394249,0.438846
1623247437,s,c,points,10000,10,1,36,0.00393639,0.478588
1623247444,s,c,points,10000,10,1,33,0.00391402,0.438675
1623247448,s,c,points,10000,10,1,46,0.00391633,0.611863
1623247450,s,c,points,10000,10,1,28,0.00413785,0.372754
1623247452,s,c,points,10000,10,1,27,0.00393747,0.359487
1623247457,s,c,points,10000,10,1,34,0.0039271,0.453134
1623247461,s,c,points,10000,10,1,20,0.00402294,0.266318
1623247466,s,c,points,10000,10,1,26,0.00392711,0.346368
1623247469,s,c,points,10000,10,1,25,0.00390973,0.332389
1623247471,s,c,points,10000,10,1,27,0.00393524,0.359066
1623247475,s,c,points,10000,10,1,24,0.00390833,0.319717
1623247477,s,c,points,10000,10,1,26,0.00400365,0.345997
1623247479,s,c,points,10000,10,1,19,0.00397679,0.253073
1623247483,s,c,points,10000,10,1,28,0.00390967,0.372296
1623247486,s,c,points,10000,10,1,45,0.0039307,0.598509
1623247488,s,c,points,10000,10,1,28,0.00394664,0.372571
1623247493,s,c,points,10000,10,1,27,0.00393318,0.359673
1623247500,s,c,points,10000,10,1,31,0.00394499,0.412049
1623247569,s,c,points,50000,10,1,59,0.018976,3.92399
1623247579,s,c,points,50000,10,1,60,0.0189601,3.99017
1623247584,s,c,points,50000,10,1,44,0.0190042,2.92514
1623247590,s,c,points,50000,10,1,54,0.0189587,3.58915
1623247596,s,c,points,50000,10,1,43,0.0189953,2.86004
1623247601,s,c,points,50000,10,1,51,0.0190531,3.39164
1623247607,s,c,points,50000,10,1,53,0.019455,3.53203
1623247613,s,c,points,50000,10,1,53,0.0190309,3.5237
1623247618,s,c,points,50000,10,1,60,0.0189127,3.98981
1623247624,s,c,points,50000,10,1,52,0.019029,3.45891
1623247628,s,c,points,50000,10,1,38,0.0190241,2.52608
1623247633,s,c,points,50000,10,1,49,0.0189749,3.26031
1623247690,s,c,points,100000,10,1,51,0.0378489,6.78434
1623247700,s,c,points,100000,10,1,60,0.0377821,7.98947
1623247709,s,c,points,100000,10,1,54,0.0377395,7.18576
1623247720,s,c,points,100000,10,1,60,0.037776,7.98383
1623247727,s,c,points,100000,10,1,41,0.0377383,5.45147
1623247737,s,c,points,100000,10,1,51,0.0377743,6.78043
1623247747,s,c,points,100000,10,1,60,0.0379706,7.97844
1623247755,s,c,points,100000,10,1,45,0.0377458,5.983
1623247764,s,c,points,100000,10,1,60,0.0378303,7.98721
1623247771,s,c,points,100000,10,1,38,0.0379388,5.05171
1623247783,s,c,points,100000,10,1,60,0.0377536,7.98328
1623247792,s,c,points,100000,10,1,55,0.0377922,7.31332
1623247845,s,c,points,150000,10,1,40,0.0608381,7.97841
1623247862,s,c,points,150000,10,1,60,0.0615836,11.98
1623247876,s,c,points,150000,10,1,60,0.0606377,12.0201
1623247898,s,c,points,150000,10,1,60,0.0610415,12.0385
1623247915,s,c,points,150000,10,1,60,0.0607681,11.9669
1623247929,s,c,points,150000,10,1,60,0.0606606,11.9686
1623247943,s,c,points,150000,10,1,46,0.0607819,9.17634
1623247959,s,c,points,150000,10,1,57,0.060713,11.3663
1623247972,s,c,points,150000,10,1,60,0.0609,11.9677
1623247986,s,c,points,150000,10,1,60,0.0607178,11.9689
1623248065,s,c,points,200000,10,1,50,0.137058,13.2899
1623248086,s,c,points,200000,10,1,60,0.136969,15.9559
1623248154,s,c,points,200000,10,1,80,0.136517,21.2693
1623248203,s,c,points,200000,10,1,66,0.136661,17.5442
1623248223,s,c,points,200000,10,1,57,0.136511,15.1604
1623248239,s,c,points,200000,10,1,50,0.136624,13.3007
1623248271,s,c,points,200000,10,1,100,0.136657,26.5981
1623248321,s,c,points,200000,10,1,48,0.136926,12.7667
1623248381,s,c,points,200000,10,1,65,0.136765,17.2779
1623248403,s,c,points,200000,10,1,56,0.13651,14.8879
1623676505,s,c,points,50000,10,1,79,0.0202059,5.70841
1623676523,s,c,points,50000,10,1,58,0.020166,4.15857
1623676532,s,c,points,50000,10,1,52,0.0200316,3.72812
1623676538,s,c,points,50000,10,1,63,0.0206448,4.51098
1623676548,s,c,points,50000,10,1,135,0.0200969,9.69197
1623676553,s,c,points,50000,10,1,50,0.0205721,3.60025
1623676560,s,c,points,50000,10,1,81,0.0201727,5.80613
1623676563,s,c,points,50000,10,1,35,0.0207877,2.5126
1623676571,s,c,points,50000,10,1,87,0.0202981,6.2201
1623676575,s,c,points,50000,10,1,49,0.0202409,3.50328
1623676616,s,c,points,100000,10,1,48,0.0399513,6.85698
1623676629,s,c,points,100000,10,1,37,0.0401617,5.29627
1623676637,s,c,points,100000,10,1,48,0.0398213,6.85122
1623676651,s,c,points,100000,10,1,87,0.0398503,12.4132
1623676663,s,c,points,100000,10,1,77,0.0400801,11.0374
1623676674,s,c,points,100000,10,1,73,0.0402143,10.4283
1623676684,s,c,points,100000,10,1,60,0.0396806,8.62256
1623676693,s,c,points,100000,10,1,56,0.0402526,8.03702
1623676728,s,c,points,150000,10,1,75,0.0643837,16.2241
1623676742,s,c,points,150000,10,1,61,0.0644314,13.1741
1623676761,s,c,points,150000,10,1,77,0.0665319,16.5475
1623676775,s,c,points,150000,10,1,54,0.065606,11.6741
1623676787,s,c,points,150000,10,1,50,0.0660586,10.7594
1623676800,s,c,points,150000,10,1,49,0.0643678,10.4844
1623676810,s,c,points,150000,10,1,37,0.0661223,8.00311
1623676828,s,c,points,150000,10,1,67,0.0794887,15.2746
1623676868,s,c,points,200000,10,1,59,0.146098,16.8795
1623676889,s,c,points,200000,10,1,66,0.146413,18.8415
1623676912,s,c,points,200000,10,1,72,0.14473,20.5806
1623676930,s,c,points,200000,10,1,55,0.145312,15.6988
1623676947,s,c,points,200000,10,1,54,0.144708,15.3864
1623676992,s,c,points,200000,10,1,74,0.144247,21.0767
1623677013,s,c,points,200000,10,1,69,0.14354,19.7334

1623248480,s,c,points,300000,10,1,117,0.121216,20.743
1623248514,s,c,points,300000,10,1,123,0.121214,27.1097
1623248554,s,c,points,300000,10,1,114,0.121936,20.5131
1623248589,s,c,points,300000,10,1,120,0.121234,25.9481
1623248614,s,c,points,300000,10,1,105,0.121211,20.9444
1623248637,s,c,points,300000,10,1,91,0.121255,20.3584
1623248637,s,c,points,300000,10,1,111,0.121255,20.4584
1623248637,s,c,points,300000,10,1,101,0.121255,10.4584
1623248637,s,c,points,300000,10,1,91,0.121255,10.4584
1623248637,s,c,points,300000,10,1,101,0.121255,10.4584
1623248637,s,c,points,300000,10,1,91,0.121255,10.4584
1623248637,s,c,points,300000,10,1,101,0.121255,10.4584
1623248637,s,c,points,300000,10,1,101,0.121255,20.3584
1623248637,s,c,points,300000,10,1,101,0.121255,20.4584
1623248637,s,c,points,300000,10,1,93,0.121255,20.3584
1623677104,s,c,points,300000,10,1,101,0.128383,22.4417
1623677137,s,c,points,300000,10,1,131,0.127472,28.4892
1623677206,s,c,points,300000,10,1,116,0.12794,18.4593
1623248453,s,c,points,300000,10,1,118,0.121624,20.1545

1623677428,s,c,points,200000,10,1,71,0.150159,11.8074
1623677448,s,c,points,200000,10,1,66,0.146062,18.9974
1623677473,s,c,points,200000,10,1,78,0.146822,22.4987
1623677511,s,c,points,150000,10,1,63,0.0642989,13.8679
1623677527,s,c,points,150000,10,1,67,0.0663434,14.643
1623677542,s,c,points,150000,10,1,66,0.0651178,14.3797
1623677557,s,c,points,150000,10,1,61,0.0636456,13.1518
1623677573,s,c,points,150000,10,1,66,0.0641163,14.2067
1623677581,s,c,points,150000,10,1,33,0.0637555,7.07392
1623677598,s,c,points,150000,10,1,72,0.0638003,15.5011
1623677616,s,c,points,150000,10,1,78,0.0653251,16.8239
1623677632,s,c,points,150000,10,1,71,0.0637768,15.2949
1623677862,p,c,points,50000,10,12,32,0.022427,1.12164
1623677865,p,c,points,50000,10,12,56,0.0200528,1.90734
1623677868,p,c,points,50000,10,12,42,0.019941,1.3805
1623677871,p,c,points,50000,10,12,50,0.0199841,1.55719
1623677874,p,c,points,50000,10,12,84,0.0203772,2.59151
1623677876,p,c,points,50000,10,12,44,0.020101,1.47384
1623677879,p,c,points,50000,10,12,64,0.0199681,1.98777
1623677881,p,c,points,50000,10,12,42,0.0201371,1.3251
1623677884,p,c,points,50000,10,12,68,0.0203652,2.60219
1623677887,p,c,points,50000,10,12,49,0.0201226,1.75526
1623677890,p,c,points,50000,10,12,60,0.0198945,2.02191
1623677893,p,c,points,50000,10,12,65,0.0225006,2.47067
1623677916,p,c,points,100000,10,12,54,0.0403756,4.24232
1623677922,p,c,points,100000,10,12,63,0.0417666,4.71588
1623677926,p,c,points,100000,10,12,44,0.0407836,3.14311
1623677930,p,c,points,100000,10,12,54,0.0400489,3.12597
1623677933,p,c,points,100000,10,12,45,0.0396977,2.93366
1623677936,p,c,points,100000,10,12,32,0.0407715,1.93972
1623677941,p,c,points,100000,10,12,61,0.0399423,3.88121
1623677945,p,c,points,100000,10,12,40,0.0400176,3.05083
1623677949,p,c,points,100000,10,12,54,0.0399744,3.47478
1623677954,p,c,points,100000,10,12,61,0.0401769,3.78952
1623677959,p,c,points,100000,10,12,65,0.0442963,3.95
1623677964,p,c,points,100000,10,12,64,0.0394147,4.37475
1623677969,p,c,points,100000,10,12,56,0.0398346,3.96475
1623677973,p,c,points,100000,10,12,40,0.0394581,2.79424
1623677977,p,c,points,100000,10,12,46,0.0403093,3.11388
1623677983,p,c,points,100000,10,12,89,0.0398557,5.82231
1623678013,p,c,points,150000,10,12,70,0.068557,7.98595
1623678021,p,c,points,150000,10,12,61,0.0648364,6.45308
1623678032,p,c,points,150000,10,12,67,0.0632692,6.68067
1623678044,p,c,points,150000,10,12,89,0.0632906,8.74382
1623678056,p,c,points,150000,10,12,100,0.0636798,10.3504
1623678067,p,c,points,150000,10,12,71,0.0648723,7.76755
1623678077,p,c,points,150000,10,12,76,0.0630698,7.66754
1623678082,p,c,points,150000,10,12,42,0.0632467,3.81863
1623678091,p,c,points,150000,10,12,55,0.0668806,5.26694
1623678098,p,c,points,150000,10,12,66,0.0638079,6.46927
1623678106,p,c,points,150000,10,12,66,0.0666063,6.37669
1623678116,p,c,points,150000,10,12,95,0.0637088,8.84637
1623678121,p,c,points,150000,10,12,50,0.0629868,4.69434
1623678130,p,c,points,150000,10,12,75,0.0635592,7.24249
1623678137,p,c,points,150000,10,12,64,0.0635381,6.55927
1623678145,p,c,points,150000,10,12,77,0.0638955,6.8412
1623678158,p,c,points,150000,10,12,119,0.0634021,11.6481
1623678183,p,c,points,200000,10,12,40,0.144899,5.55714
1623678205,p,c,points,200000,10,12,150,0.147199,19.6219
1623678226,p,c,points,200000,10,12,150,0.143852,19.2744
1623678242,p,c,points,200000,10,12,101,0.144893,13.84
1623678254,p,c,points,200000,10,12,69,0.145976,9.87375
1623678278,p,c,points,200000,10,12,150,0.150041,22.2872
1623678311,p,c,points,300000,10,12,60,0.130661,12.5889
1623678324,p,c,points,300000,10,12,58,0.127836,11.2092
1623678340,p,c,points,300000,10,12,70,0.129014,14.1311
1623678354,p,c,points,300000,10,12,57,0.127318,11.4701
1623678371,p,c,points,300000,10,12,72,0.127898,14.932
1623678391,p,c,points,300000,10,12,89,0.127442,17.0692
1623678407,p,c,points,300000,10,12,67,0.127828,13.3108
1623678500,p,c,points,50000,10,2,41,0.0201226,0.779764
1623678502,p,c,points,50000,10,2,55,0.0205737,1.04268
1623678504,p,c,points,50000,10,2,76,0.0201632,1.42256
1623678506,p,c,points,50000,10,2,37,0.0210846,0.698198
1623678508,p,c,points,50000,10,2,52,0.0201666,0.978174
1623678509,p,c,points,50000,10,2,45,0.0204629,0.851161
1623678511,p,c,points,50000,10,2,34,0.020568,0.648951
1623678512,p,c,points,50000,10,2,48,0.0207384,0.919011
1623678565,p,c,points,200000,10,2,150,0.143514,11.2699
1623678574,p,c,points,200000,10,2,97,0.143416,7.34045
1623678582,p,c,points,200000,10,2,90,0.145133,6.7525
1623678592,p,c,points,200000,10,2,107,0.144117,8.24225
1623678602,p,c,points,200000,10,2,106,0.142824,8.14428
1623678615,p,c,points,200000,10,2,150,0.148145,11.8016
1623678623,p,c,points,200000,10,2,68,0.145572,5.56415
1623678634,p,c,points,200000,10,2,126,0.144179,9.65344
1623678643,p,c,points,200000,10,2,96,0.14413,7.34228
1623678672,p,c,points,300000,10,2,83,0.129051,9.29841
1623678683,p,c,points,300000,10,2,76,0.128044,8.63291
1623678690,p,c,points,300000,10,2,49,0.127045,5.61624
1623678702,p,c,points,300000,10,2,91,0.126237,10.3429
1623678710,p,c,points,300000,10,2,52,0.126677,6.05642
1623678726,p,c,points,300000,10,2,116,0.126821,13.4369
1623678737,p,c,points,300000,10,2,79,0.126987,9.03183
1623678755,p,c,points,300000,10,2,146,0.128103,16.5802
1623678766,p,c,points,300000,10,2,73,0.126612,8.32848
1623678803,p,c,points,300000,10,6,58,0.12702,5.66202
1623678811,p,c,points,300000,10,6,63,0.126482,6.30347
1623678819,p,c,points,300000,10,6,47,0.126407,4.51679
1623678831,p,c,points,300000,10,6,106,0.127123,10.3147
1623678842,p,c,points,300000,10,6,95,0.128611,9.096
1623678850,p,c,points,300000,10,6,68,0.126586,6.57142
1623678857,p,c,points,300000,10,6,52,0.126351,5.01669
1623678868,p,c,points,300000,10,6,92,0.12873,9.05016
1623678881,p,c,points,300000,10,6,87,0.12966,8.43066
1623678910,p,c,points,200000,10,6,129,0.143583,8.51645
1623678925,p,c,points,200000,10,6,90,0.143537,5.88725
1623678944,p,c,points,200000,10,6,106,0.144381,6.86582
1623678950,p,c,points,200000,10,6,59,0.147321,3.8167
1623678957,p,c,points,200000,10,6,84,0.144265,5.58854
1623678968,p,c,points,200000,10,6,150,0.143653,9.93833
1623678980,p,c,points,200000,10,6,150,0.144499,9.89534
1623679006,p,c,points,50000,10,24,54,0.0204672,1.87988
1623679009,p,c,points,50000,10,24,68,0.0206431,2.23944
1623679011,p,c,points,50000,10,24,36,0.0207056,1.25576
1623679014,p,c,points,50000,10,24,59,0.0202301,2.13715
1623679018,p,c,points,50000,10,24,83,0.0200556,2.96726
1623679021,p,c,points,50000,10,24,46,0.0209743,1.6562
1623679024,p,c,points,50000,10,24,64,0.0199409,2.21086
1623679026,p,c,points,50000,10,24,51,0.0204639,1.7448
1623679029,p,c,points,50000,10,24,61,0.0204905,2.02105
1623679032,p,c,points,50000,10,24,65,0.0199107,2.20741
1623679035,p,c,points,50000,10,24,54,0.0274649,1.80053
1623679048,p,c,points,50000,10,24,51,0.0210114,1.76423
1623679054,p,c,points,50000,10,24,70,0.0200434,2.39144
1623679059,p,c,points,50000,10,24,39,0.020123,1.33913
1623679064,p,c,points,50000,10,24,103,0.0199313,3.80063
1623679067,p,c,points,50000,10,24,40,0.0201548,1.4203
1623679070,p,c,points,50000,10,24,60,0.0200993,2.01362
1623679072,p,c,points,50000,10,24,37,0.020066,1.33039
1623679076,p,c,points,50000,10,24,68,0.0205358,2.34303
1623679079,p,c,points,50000,10,24,56,0.0200968,2.02093
1623679081,p,c,points,50000,10,24,37,0.0199056,1.27082
1623679084,p,c,points,50000,10,24,63,0.0199191,2.27967
1623679087,p,c,points,50000,10,24,61,0.0201886,2.18446
1623679089,p,c,points,50000,10,24,37,0.020205,1.22947
1623679092,p,c,points,50000,10,24,38,0.0199328,1.39287
1623679094,p,c,points,50000,10,24,37,0.0208337,1.2118
1623679113,p,c,points,100000,10,24,60,0.0396499,3.97003
1623679122,p,c,points,100000,10,24,124,0.0397734,8.40934
1623679129,p,c,points,100000,10,24,78,0.0410665,5.32529
1623679135,p,c,points,100000,10,24,68,0.0402565,4.60115
1623679139,p,c,points,100000,10,24,48,0.0401296,3.3443
1623679143,p,c,points,100000,10,24,39,0.040622,2.64735
1623679148,p,c,points,100000,10,24,63,0.0405489,4.70414
1623679153,p,c,points,100000,10,24,48,0.0396097,3.43458
1623679157,p,c,points,100000,10,24,44,0.0398441,2.94737
1623679163,p,c,points,100000,10,24,69,0.040311,4.87121
1623679167,p,c,points,100000,10,24,43,0.0407332,3.07577
1623679173,p,c,points,100000,10,24,67,0.0404859,4.67527
1623679176,p,c,points,100000,10,24,39,0.0397321,2.91229
1623679184,p,c,points,100000,10,24,90,0.0399878,6.42153
1623679187,p,c,points,100000,10,24,34,0.0418036,2.40914
1623679191,p,c,points,100000,10,24,42,0.0396126,2.82229
1623679197,p,c,points,100000,10,24,72,0.0394959,5.24905
1623679202,p,c,points,100000,10,24,49,0.0399064,3.64012
1623679206,p,c,points,100000,10,24,36,0.0416855,2.73147
1623679211,p,c,points,100000,10,24,56,0.0394622,4.0127
1623679217,p,c,points,100000,10,24,62,0.0426507,4.45926
1623679221,p,c,points,100000,10,24,44,0.0404431,3.09474
1623679225,p,c,points,100000,10,24,51,0.0399496,3.60909
1623679229,p,c,points,100000,10,24,38,0.0395965,2.83821
1623679236,p,c,points,100000,10,24,90,0.0397495,6.15218
1623679259,p,c,points,150000,10,24,63,0.0634881,6.89865
1623679272,p,c,points,150000,10,24,107,0.0633719,11.6343
1623679289,p,c,points,150000,10,24,150,0.0637819,15.5168
1623679295,p,c,points,150000,10,24,45,0.0636932,4.52989
1623679304,p,c,points,150000,10,24,70,0.0633906,7.12453
1623679313,p,c,points,150000,10,24,70,0.0640647,7.22739
1623679324,p,c,points,150000,10,24,70,0.063932,7.2411
1623679333,p,c,points,150000,10,24,71,0.0642037,7.96786
1623679347,p,c,points,150000,10,24,118,0.0654702,12.9975
1623679357,p,c,points,150000,10,24,68,0.0642982,7.65606
1623679395,p,c,points,200000,10,24,146,0.142869,20.1287
1623679405,p,c,points,200000,10,24,62,0.143058,8.50606
1623679485,p,c,points,200000,10,24,150,0.14519,20.9065
1623679497,p,c,points,200000,10,24,81,0.146064,10.768
1623679518,p,c,points,200000,10,24,150,0.143798,20.8295
1623679532,p,c,points,200000,10,24,92,0.146554,13.3375
1623679554,p,c,points,200000,10,24,150,0.146296,21.0899
1623679571,p,c,points,200000,10,24,116,0.143833,15.6334
1623679592,p,c,points,200000,10,24,150,0.148232,20.5061
1623679615,p,c,points,200000,10,24,150,0.144536,21.7264
1623679630,p,c,points,200000,10,24,102,0.143851,13.8782
1623679651,p,c,points,200000,10,24,150,0.144185,20.2299
1623679720,p,c,points,300000,10,24,150,0.127402,32.5779
1623679738,p,c,points,300000,10,24,83,0.126954,16.6123
1623679752,p,c,points,300000,10,24,66,0.127012,13.231
1623679771,p,c,points,300000,10,24,85,0.127104,17.6528
1623679797,p,c,points,300000,10,24,123,0.12698,25.0307
1623679810,p,c,points,300000,10,24,53,0.126789,12.1241
1623679832,p,c,points,300000,10,24,93,0.140041,20.694
1623679849,p,c,points,300000,10,24,76,0.126591,16.585
1623679862,p,c,points,300000,10,24,51,0.126377,11.3569
1623679879,p,c,points,300000,10,24,76,0.128896,15.9239
1623680085,p,c,points,50000,10,24,73,0.0212279,2.8376
1623680087,p,c,points,50000,10,24,50,0.0200957,1.92078
1623680089,p,c,points,50000,10,24,53,0.0201673,1.95686
1623680091,p,c,points,50000,10,24,48,0.0199796,1.71557
1623680093,p,c,points,50000,10,24,60,0.0214008,2.15273
1623680097,p,c,points,50000,10,24,106,0.02024,3.98478
1623680100,p,c,points,50000,10,24,63,0.0202773,2.43391
1623680102,p,c,points,50000,10,24,61,0.0200903,2.3278
1623680105,p,c,points,50000,10,24,54,0.020563,2.08013
1623680106,p,c,points,50000,10,24,39,0.0211196,1.42497
1623680112,p,c,points,50000,10,24,63,0.020518,2.23684
1623680114,p,c,points,50000,10,24,36,0.0201072,1.27251
1623680116,p,c,points,50000,10,24,58,0.0200886,2.14431
1623680118,p,c,points,50000,10,24,47,0.0200548,1.61319
1623680120,p,c,points,50000,10,24,58,0.0200381,2.20817
1623680122,p,c,points,50000,10,24,40,0.0206313,1.50408
1623680124,p,c,points,50000,10,24,35,0.0204335,1.3553
1623680125,p,c,points,50000,10,24,35,0.0199604,1.2521
1623680126,p,c,points,50000,10,24,32,0.0203418,1.15002
1623680128,p,c,points,50000,10,24,48,0.0199861,1.67947
1623680167,p,c,points,50000,10,12,57,0.0206265,2.09644
1623680169,p,c,points,50000,10,12,83,0.0210315,2.67882
1623680171,p,c,points,50000,10,12,40,0.0201704,1.25637
1623680173,p,c,points,50000,10,12,61,0.020558,1.76844
1623680175,p,c,points,50000,10,12,60,0.0200617,1.86853
1623680179,p,c,points,50000,10,12,110,0.0200182,3.61206
1623680180,p,c,points,50000,10,12,57,0.0202693,1.69278
1623680182,p,c,points,50000,10,12,44,0.0198939,1.33951
1623680183,p,c,points,50000,10,12,42,0.0199975,1.25885
1623680185,p,c,points,50000,10,12,47,0.0200615,1.39979
1623680189,p,c,points,50000,10,12,65,0.0199395,1.85979
1623680191,p,c,points,50000,10,12,54,0.020251,1.64872
1623680193,p,c,points,50000,10,12,42,0.0204204,1.2586
1623680195,p,c,points,50000,10,12,80,0.0201596,2.46967
1623680197,p,c,points,50000,10,12,48,0.0199524,1.36099
1623680199,p,c,points,50000,10,12,65,0.0202311,1.82165
1623680200,p,c,points,50000,10,12,43,0.021652,1.26163
1623680202,p,c,points,50000,10,12,37,0.0203969,1.09753
1623680204,p,c,points,50000,10,12,62,0.0198249,1.81071
1623680206,p,c,points,50000,10,12,67,0.0205403,2.02985
